,Chemical,Time,Node,Error,Expected Conc,Eval Conc
0,H2O,0.0,connect2,0.2704767422222222,0.09,0.0656570932
0,H2O,0.0,connect6,0.2825807825112108,0.0892,0.0639937942
0,Tag,0.0,connect2,0.13275487878787878,0.0396,0.0343429068
0,Tag,0.0,connect6,0.15472490656565666,0.0396,0.0334728937
0,Sample,0.0,connect5,5714284.714285714,1.75e-08,0.1
